Sverige,English
Vodka och Brännvin,Vodka
Rött vin,Red wine
Öl,Beer
Tequila och Mezcal,Tequila
Cognac,Cognac
Akvavit och Kryddat brännvin,Aquavit
Vitt vin,White wine
Aperitif och dessert,Aperitif or dessert wine
Rom,Rum
Likör,Liqueur
Whisky,Whisky
Gin och Genever,Gin
Mousserande vin,Sparkling wine
Armagnac och Brandy,Brandy
Glögg och Glühwein,Mulled wine
Cider,Cider
Smaksatt sprit,Flavoured spirits
Rosévin,Rosé wine
Alkoholfritt,Alochol free
Bitter,Bitters
Anissprit,Anise Spirits
Blandlådor vin,Wine in a box
Presentförpackningar,Gift sets
Frukt och Druvsprit,Fruit spirits
Sake,Sake
Vermouth,Vermouth
Drinkar och Cocktails,Cocktails
Calvados,Calvados
Punsch,Punch
Blanddrycker,Cocktails
Grappa och Marc,Grappa
Blå stilla,Blue wine
Dryckestillbehör,Drinking accessories
Sprit av flera typer,Other spirits
Blå mousserande,Sparkling blue wine
Röda - lägre alkoholhalt,Lower alcohol red wine
Rosé - lägre alkoholhalt,Lower alcohol rosé wine
Vita - lägre alkoholhalt,Lower alcohol white wine